concurrency	ops/sec(cum)	p50(ms)	p95(ms)	p99(ms)
61	83798.86666666667	0.8811925714285714	16.119516142857144	50.559791857142855
