concurrency	ops/sec(cum)	p50(ms)	p95(ms)	p99(ms)
58	74481.63333333333	1.051688714285714	18.34657842857143	45.61944285714286
