concurrency	ops/sec(cum)	p50(ms)	p95(ms)	p99(ms)
58	87557.03333333334	1.0079914285714286	17.037372	38.22127771428571
