concurrency	ops/sec(cum)	p50(ms)	p95(ms)	p99(ms)
55	90308.43333333333	1.1601907142857144	15.416575571428572	29.823401714285716
