concurrency	ops/sec(cum)	p50(ms)	p95(ms)	p99(ms)
58	83877.03333333333	0.9664627142857143	17.444744857142858	41.65318642857143
