bytes	ops/sec(cum)
1	83798.86666666667
10	90308.43333333333
100	87557.03333333334
1000	83877.03333333333
10000	74481.63333333333 	
