ops/sec(cum)	p50(ms)	p99(ms)	skews
54825.0	1.3625	10.425	0.99
48763.200000000004	1.2499999999999998	8.674999999999999	1.1
35012.5	1.375	10.75	1.2
33446.4	1.3375000000000001	30.6875	1.3
26959.4	1.3499999999999999	8.475	1.4
22210.100000000002	1.45	8.875	1.5
