ops/sec(cum)	p50(ms)	p99(ms)	skews
22062.59999999999	3.2124999999999995	10.5375	0.99
121352.09999999999	3.0250000000000004	10.1625	1.1
109899.8	1.9	6.5	1.2
112262.1	3.075	9.8125	1.3
113712.2	3.8499999999999996	11.612499999999999	1.4
111201.3	2.9	9.325	1.5
