concurrency	ops/sec(cum)	p50(ms)	p95(ms)	p99(ms)
39	1226.1	222.66804157142855	349.74801185714284	430.60110928571424
