concurrency	ops/sec(cum)	p50(ms)	p95(ms)	p99(ms)
31	74386.2	1.9233182857142859	14.446310428571428	21.308138142857143
