concurrency	ops/sec(cum)	p50(ms)	p95(ms)	p99(ms)
46	75358.15	2.6906949999999994	18.301902000000002	23.395859
