concurrency	ops/sec(cum)	p50(ms)	p95(ms)	p99(ms)
53	76962.90000000001	3.1430167142857144	18.894278000000003	24.312741142857142
