concurrency	ops/sec(cum)	p50(ms)	p95(ms)	p99(ms)
35	76963.55	2.118403428571429	15.505720714285713	21.908432714285713
