concurrency	ops/sec(cum)	p50(ms)	p95(ms)	p99(ms)
30	68679.90000000001	1.9739124285714287	14.74441	21.939510428571428
