concurrency	ops/sec(cum)	p50(ms)	p95(ms)	p99(ms)
38	12309.1	17.708949999999998	43.186708142857135	73.07739342857143
